Student Name,Course 1,Course 2,Course 3,Course 4,Course 5
Steven,CSE 16,CSE 17,CSE 8,CSE 23,CSE 37
Miranda,CSE 29,CSE 26,CSE 6,CSE 16,CSE 32
Ryan,CSE 15,CSE 11,CSE 26,CSE 32,CSE 50
Stuart,CSE 25,CSE 22,CSE 48,CSE 30,CSE 26
Evelyn,CSE 28,CSE 26,CSE 46,CSE 20,CSE 47
Jasmine,CSE 23,CSE 30,CSE 44,CSE 8,CSE 2
William,CSE 19,CSE 38,CSE 40,CSE 43,CSE 7
Vivian,CSE 8,CSE 22,CSE 28,CSE 36,CSE 43
Elian,CSE 49,CSE 17,CSE 8,CSE 28,CSE 34
Frederick,CSE 12,CSE 43,CSE 24,CSE 8,CSE 48
Dexter,CSE 4,CSE 25,CSE 19,CSE 5,CSE 41
Fiona,CSE 46,CSE 13,CSE 8,CSE 27,CSE 3
Naomi,CSE 8,CSE 19,CSE 44,CSE 21,CSE 1
Vivian,CSE 27,CSE 16,CSE 15,CSE 21,CSE 27
Daniel,CSE 15,CSE 47,CSE 14,CSE 20,CSE 16
Chelsea,CSE 22,CSE 25,CSE 42,CSE 44,CSE 23
Alen,CSE 38,CSE 25,CSE 40,CSE 31,CSE 39
David,CSE 7,CSE 8,CSE 44,CSE 17,CSE 48
Miley,CSE 41,CSE 14,CSE 44,CSE 25,CSE 3
Patrick,CSE 22,CSE 45,CSE 47,CSE 38,CSE 17
Olivia,CSE 14,CSE 7,CSE 37,CSE 34,CSE 12
Maddie,CSE 6,CSE 22,CSE 17,CSE 38,CSE 45
Jessica,CSE 47,CSE 45,CSE 11,CSE 50,CSE 40
Albert,CSE 45,CSE 39,CSE 28,CSE 45,CSE 18
Andrew,CSE 4,CSE 24,CSE 24,CSE 50,CSE 1
Elise,CSE 11,CSE 4,CSE 1,CSE 19,CSE 27
Madaline,CSE 41,CSE 23,CSE 35,CSE 48,CSE 24
Belinda,CSE 49,CSE 38,CSE 15,CSE 36,CSE 22
Derek,CSE 1,CSE 5,CSE 2,CSE 43,CSE 12
Dominik,CSE 18,CSE 9,CSE 17,CSE 16,CSE 47
Kirsten,CSE 48,CSE 31,CSE 46,CSE 4,CSE 33
Jasmine,CSE 13,CSE 26,CSE 29,CSE 22,CSE 34
Jasmine,CSE 20,CSE 2,CSE 15,CSE 8,CSE 15
Sam,CSE 20,CSE 13,CSE 25,CSE 8,CSE 33
Frederick,CSE 28,CSE 31,CSE 14,CSE 46,CSE 18
Sophia,CSE 29,CSE 6,CSE 47,CSE 31,CSE 43
Kevin,CSE 43,CSE 7,CSE 3,CSE 45,CSE 44
Sawyer,CSE 49,CSE 28,CSE 28,CSE 5,CSE 30
George,CSE 40,CSE 20,CSE 17,CSE 29,CSE 13
Audrey,CSE 5,CSE 5,CSE 11,CSE 21,CSE 16
Oscar,CSE 46,CSE 2,CSE 44,CSE 30,CSE 32
Freddie,CSE 45,CSE 45,CSE 41,CSE 10,CSE 7
Chloe,CSE 47,CSE 35,CSE 21,CSE 34,CSE 40
Violet,CSE 41,CSE 7,CSE 25,CSE 40,CSE 35
Nicholas,CSE 5,CSE 37,CSE 32,CSE 28,CSE 29
Rubie,CSE 23,CSE 39,CSE 21,CSE 36,CSE 15
Emma,CSE 14,CSE 20,CSE 41,CSE 32,CSE 36
Sawyer,CSE 30,CSE 15,CSE 38,CSE 10,CSE 20
Miranda,CSE 50,CSE 6,CSE 3,CSE 40,CSE 24
Rosie,CSE 10,CSE 14,CSE 3,CSE 23,CSE 11
Frederick,CSE 42,CSE 45,CSE 28,CSE 41,CSE 43
Dale,CSE 48,CSE 33,CSE 11,CSE 32,CSE 35
Sydney,CSE 7,CSE 36,CSE 4,CSE 35,CSE 41
Rafael,CSE 14,CSE 45,CSE 12,CSE 37,CSE 31
Tess,CSE 22,CSE 20,CSE 26,CSE 6,CSE 30
Aston,CSE 15,CSE 21,CSE 6,CSE 43,CSE 41
Albert,CSE 2,CSE 12,CSE 34,CSE 18,CSE 45
Alina,CSE 35,CSE 46,CSE 1,CSE 38,CSE 9
Steven,CSE 9,CSE 5,CSE 21,CSE 20,CSE 3
Maximilian,CSE 49,CSE 30,CSE 13,CSE 43,CSE 43
Mary,CSE 42,CSE 34,CSE 1,CSE 31,CSE 20
Ned,CSE 21,CSE 20,CSE 10,CSE 45,CSE 32
Ryan,CSE 11,CSE 17,CSE 41,CSE 3,CSE 8
Naomi,CSE 11,CSE 37,CSE 48,CSE 29,CSE 28
Brianna,CSE 5,CSE 43,CSE 49,CSE 21,CSE 22
Lucas,CSE 30,CSE 14,CSE 7,CSE 31,CSE 3
Miranda,CSE 14,CSE 37,CSE 3,CSE 36,CSE 48
Nicholas,CSE 42,CSE 29,CSE 31,CSE 2,CSE 11
Aida,CSE 28,CSE 31,CSE 20,CSE 21,CSE 21
Madaline,CSE 1,CSE 28,CSE 31,CSE 2,CSE 49
James,CSE 10,CSE 16,CSE 14,CSE 11,CSE 12
Agata,CSE 8,CSE 44,CSE 49,CSE 19,CSE 33
Dainton,CSE 29,CSE 22,CSE 15,CSE 48,CSE 32
Mike,CSE 32,CSE 43,CSE 7,CSE 21,CSE 14
Owen,CSE 50,CSE 11,CSE 4,CSE 36,CSE 48
George,CSE 42,CSE 49,CSE 17,CSE 14,CSE 3
Carlos,CSE 15,CSE 33,CSE 14,CSE 14,CSE 11
Freddie,CSE 2,CSE 43,CSE 36,CSE 11,CSE 49
Adrianna,CSE 17,CSE 36,CSE 5,CSE 39,CSE 33
Walter,CSE 26,CSE 33,CSE 23,CSE 3,CSE 18
Kellan,CSE 2,CSE 25,CSE 24,CSE 28,CSE 24
Sarah,CSE 30,CSE 15,CSE 46,CSE 5,CSE 8
Elian,CSE 50,CSE 39,CSE 40,CSE 22,CSE 31
Dominik,CSE 33,CSE 26,CSE 15,CSE 6,CSE 31
Heather,CSE 40,CSE 11,CSE 11,CSE 2,CSE 8
Ashton,CSE 5,CSE 4,CSE 37,CSE 17,CSE 4
Lenny,CSE 50,CSE 7,CSE 47,CSE 3,CSE 48
Agata,CSE 14,CSE 3,CSE 7,CSE 20,CSE 40
Emily,CSE 10,CSE 18,CSE 8,CSE 45,CSE 19
April,CSE 24,CSE 19,CSE 4,CSE 22,CSE 27
Kellan,CSE 13,CSE 23,CSE 12,CSE 41,CSE 40
Ashton,CSE 39,CSE 47,CSE 14,CSE 32,CSE 39
Clark,CSE 43,CSE 40,CSE 40,CSE 11,CSE 37
Derek,CSE 37,CSE 17,CSE 41,CSE 6,CSE 31
Adrian,CSE 28,CSE 30,CSE 39,CSE 26,CSE 23
Brooke,CSE 12,CSE 23,CSE 47,CSE 38,CSE 42
Daisy,CSE 19,CSE 42,CSE 20,CSE 35,CSE 31
Alford,CSE 2,CSE 32,CSE 27,CSE 11,CSE 14
Aldus,CSE 42,CSE 41,CSE 29,CSE 8,CSE 41
Evelyn,CSE 28,CSE 20,CSE 17,CSE 48,CSE 35
Alberta,CSE 36,CSE 1,CSE 9,CSE 40,CSE 19
Carl,CSE 9,CSE 36,CSE 23,CSE 1,CSE 36
John,CSE 5,CSE 6,CSE 20,CSE 13,CSE 44
Alexia,CSE 45,CSE 27,CSE 3,CSE 13,CSE 25
Steven,CSE 17,CSE 6,CSE 48,CSE 14,CSE 19
Charlie,CSE 11,CSE 22,CSE 47,CSE 7,CSE 20
Adrian,CSE 43,CSE 44,CSE 16,CSE 28,CSE 45
Thomas,CSE 19,CSE 19,CSE 26,CSE 33,CSE 23
Clark,CSE 37,CSE 45,CSE 7,CSE 43,CSE 35
Chloe,CSE 50,CSE 38,CSE 27,CSE 22,CSE 16
Rosie,CSE 43,CSE 13,CSE 41,CSE 9,CSE 25
Emma,CSE 5,CSE 41,CSE 8,CSE 36,CSE 34
Kevin,CSE 34,CSE 13,CSE 3,CSE 47,CSE 30
Darcy,CSE 32,CSE 32,CSE 50,CSE 44,CSE 24
Sienna,CSE 1,CSE 46,CSE 35,CSE 28,CSE 18
Edward,CSE 4,CSE 20,CSE 4,CSE 2,CSE 44
Honey,CSE 35,CSE 11,CSE 3,CSE 35,CSE 34
Sienna,CSE 24,CSE 24,CSE 50,CSE 47,CSE 28
Jacob,CSE 49,CSE 18,CSE 4,CSE 49,CSE 45
Brooke,CSE 24,CSE 38,CSE 7,CSE 20,CSE 41
Penelope,CSE 14,CSE 24,CSE 6,CSE 36,CSE 33
Ellia,CSE 35,CSE 36,CSE 41,CSE 29,CSE 21
Alford,CSE 39,CSE 21,CSE 30,CSE 10,CSE 12
Albert,CSE 26,CSE 3,CSE 17,CSE 14,CSE 49
Naomi,CSE 49,CSE 16,CSE 2,CSE 4,CSE 3
Tess,CSE 15,CSE 49,CSE 5,CSE 1,CSE 2
Rubie,CSE 50,CSE 33,CSE 18,CSE 38,CSE 12
Elise,CSE 39,CSE 50,CSE 38,CSE 43,CSE 46
Tara,CSE 50,CSE 43,CSE 38,CSE 22,CSE 5
Adrianna,CSE 10,CSE 32,CSE 36,CSE 47,CSE 31
Miranda,CSE 3,CSE 41,CSE 48,CSE 31,CSE 18
Emma,CSE 28,CSE 43,CSE 40,CSE 3,CSE 5
Paul,CSE 20,CSE 44,CSE 28,CSE 22,CSE 45
Rubie,CSE 43,CSE 8,CSE 25,CSE 16,CSE 37
Abraham,CSE 15,CSE 3,CSE 2,CSE 43,CSE 8
Jordan,CSE 50,CSE 18,CSE 44,CSE 30,CSE 32
Penelope,CSE 18,CSE 15,CSE 25,CSE 10,CSE 20
Edgar,CSE 29,CSE 31,CSE 9,CSE 18,CSE 48
Amanda,CSE 4,CSE 37,CSE 3,CSE 16,CSE 5
Ashton,CSE 11,CSE 11,CSE 24,CSE 7,CSE 40
Adele,CSE 13,CSE 32,CSE 42,CSE 17,CSE 42
Jacob,CSE 49,CSE 11,CSE 24,CSE 5,CSE 27
Rosie,CSE 27,CSE 38,CSE 28,CSE 35,CSE 45
Cherry,CSE 35,CSE 27,CSE 11,CSE 9,CSE 14
Annabella,CSE 25,CSE 39,CSE 40,CSE 11,CSE 47
William,CSE 26,CSE 21,CSE 23,CSE 19,CSE 40
Natalie,CSE 4,CSE 25,CSE 15,CSE 44,CSE 15
Alen,CSE 17,CSE 36,CSE 28,CSE 27,CSE 26
Dominik,CSE 30,CSE 45,CSE 5,CSE 3,CSE 50
Fiona,CSE 32,CSE 19,CSE 2,CSE 1,CSE 17
Luke,CSE 28,CSE 17,CSE 48,CSE 9,CSE 3
Blake,CSE 23,CSE 19,CSE 3,CSE 10,CSE 19
Victoria,CSE 31,CSE 23,CSE 50,CSE 13,CSE 36
Fiona,CSE 13,CSE 19,CSE 27,CSE 35,CSE 27
Charlotte,CSE 22,CSE 26,CSE 38,CSE 8,CSE 26
Jared,CSE 8,CSE 21,CSE 44,CSE 36,CSE 17
Antony,CSE 32,CSE 32,CSE 2,CSE 3,CSE 31
Sophia,CSE 16,CSE 25,CSE 47,CSE 13,CSE 48
Ryan,CSE 11,CSE 18,CSE 20,CSE 16,CSE 15
Eleanor,CSE 5,CSE 48,CSE 19,CSE 2,CSE 44
Michelle,CSE 4,CSE 33,CSE 14,CSE 14,CSE 20
Violet,CSE 47,CSE 22,CSE 6,CSE 36,CSE 26
Victor,CSE 50,CSE 48,CSE 48,CSE 39,CSE 9
Charlotte,CSE 28,CSE 19,CSE 41,CSE 45,CSE 7
Max,CSE 7,CSE 47,CSE 18,CSE 44,CSE 10
Julia,CSE 25,CSE 15,CSE 20,CSE 45,CSE 38
Fenton,CSE 45,CSE 4,CSE 40,CSE 40,CSE 33
Lyndon,CSE 10,CSE 13,CSE 12,CSE 2,CSE 1
Deanna,CSE 44,CSE 32,CSE 5,CSE 3,CSE 12
Roman,CSE 39,CSE 49,CSE 43,CSE 2,CSE 19
Tony,CSE 42,CSE 5,CSE 50,CSE 43,CSE 16
Joyce,CSE 13,CSE 3,CSE 40,CSE 9,CSE 26
Caroline,CSE 44,CSE 13,CSE 4,CSE 11,CSE 44
Audrey,CSE 45,CSE 10,CSE 27,CSE 27,CSE 16
Martin,CSE 29,CSE 40,CSE 46,CSE 11,CSE 42
Amy,CSE 17,CSE 47,CSE 7,CSE 34,CSE 8
Walter,CSE 38,CSE 2,CSE 13,CSE 25,CSE 23
Emily,CSE 27,CSE 34,CSE 27,CSE 15,CSE 46
Alexander,CSE 2,CSE 2,CSE 2,CSE 14,CSE 4
John,CSE 2,CSE 49,CSE 50,CSE 25,CSE 3
Dominik,CSE 34,CSE 15,CSE 39,CSE 11,CSE 18
Agata,CSE 15,CSE 23,CSE 49,CSE 30,CSE 37
Arnold,CSE 43,CSE 29,CSE 37,CSE 26,CSE 36
Belinda,CSE 34,CSE 23,CSE 10,CSE 11,CSE 7
Kevin,CSE 45,CSE 11,CSE 13,CSE 39,CSE 1
Ned,CSE 23,CSE 14,CSE 41,CSE 45,CSE 49
Maximilian,CSE 4,CSE 23,CSE 32,CSE 40,CSE 46
Lydia,CSE 40,CSE 28,CSE 34,CSE 5,CSE 39
Deanna,CSE 27,CSE 12,CSE 27,CSE 45,CSE 39
Alissa,CSE 21,CSE 3,CSE 37,CSE 48,CSE 47
Elian,CSE 16,CSE 27,CSE 7,CSE 49,CSE 29
Alford,CSE 4,CSE 28,CSE 34,CSE 26,CSE 45
Carlos,CSE 18,CSE 27,CSE 39,CSE 1,CSE 46
Amber,CSE 11,CSE 20,CSE 28,CSE 20,CSE 4
Connie,CSE 4,CSE 49,CSE 27,CSE 29,CSE 34
Charlie,CSE 41,CSE 33,CSE 40,CSE 41,CSE 16
Oliver,CSE 38,CSE 25,CSE 10,CSE 2,CSE 42
Sofia,CSE 45,CSE 42,CSE 44,CSE 42,CSE 15
Rubie,CSE 29,CSE 8,CSE 27,CSE 36,CSE 35
Aldus,CSE 25,CSE 4,CSE 36,CSE 7,CSE 15
Lily,CSE 10,CSE 38,CSE 34,CSE 3,CSE 24
Kate,CSE 39,CSE 18,CSE 32,CSE 26,CSE 2
Abigail,CSE 15,CSE 16,CSE 45,CSE 12,CSE 1
Charlie,CSE 41,CSE 45,CSE 48,CSE 1,CSE 34
Alberta,CSE 6,CSE 42,CSE 20,CSE 9,CSE 40
Maximilian,CSE 16,CSE 43,CSE 37,CSE 15,CSE 24
Clark,CSE 15,CSE 34,CSE 37,CSE 28,CSE 49
Elian,CSE 37,CSE 5,CSE 32,CSE 6,CSE 14
Sawyer,CSE 14,CSE 7,CSE 18,CSE 43,CSE 3
Dale,CSE 34,CSE 49,CSE 26,CSE 46,CSE 29
Rafael,CSE 44,CSE 49,CSE 38,CSE 22,CSE 49
Belinda,CSE 29,CSE 38,CSE 17,CSE 23,CSE 27
Alexander,CSE 47,CSE 25,CSE 8,CSE 47,CSE 30
Aiden,CSE 25,CSE 27,CSE 36,CSE 23,CSE 3
Carina,CSE 40,CSE 26,CSE 34,CSE 30,CSE 36
Emma,CSE 29,CSE 15,CSE 10,CSE 37,CSE 16
Aiden,CSE 39,CSE 39,CSE 31,CSE 34,CSE 23
Natalie,CSE 42,CSE 4,CSE 37,CSE 28,CSE 49
Byron,CSE 13,CSE 44,CSE 17,CSE 42,CSE 19
Victor,CSE 23,CSE 8,CSE 39,CSE 21,CSE 17
Alina,CSE 36,CSE 15,CSE 50,CSE 20,CSE 34
Edward,CSE 49,CSE 43,CSE 2,CSE 26,CSE 32
George,CSE 11,CSE 28,CSE 4,CSE 38,CSE 6
Vincent,CSE 9,CSE 37,CSE 10,CSE 35,CSE 31
Bruce,CSE 19,CSE 16,CSE 12,CSE 16,CSE 49
Brooke,CSE 31,CSE 35,CSE 4,CSE 9,CSE 24
Chloe,CSE 8,CSE 27,CSE 50,CSE 1,CSE 29
James,CSE 28,CSE 8,CSE 7,CSE 20,CSE 7
Adelaide,CSE 11,CSE 17,CSE 45,CSE 5,CSE 17
Alfred,CSE 45,CSE 8,CSE 28,CSE 14,CSE 35
Tyler,CSE 6,CSE 29,CSE 16,CSE 14,CSE 22
Charlotte,CSE 9,CSE 40,CSE 25,CSE 47,CSE 43
Walter,CSE 41,CSE 1,CSE 7,CSE 4,CSE 31
Carina,CSE 4,CSE 50,CSE 1,CSE 40,CSE 31
Charlotte,CSE 20,CSE 33,CSE 1,CSE 11,CSE 10
Alissa,CSE 8,CSE 25,CSE 36,CSE 15,CSE 16
Sawyer,CSE 42,CSE 2,CSE 18,CSE 30,CSE 49
Eleanor,CSE 6,CSE 1,CSE 38,CSE 17,CSE 46
Lucia,CSE 30,CSE 35,CSE 10,CSE 17,CSE 44
Tara,CSE 33,CSE 12,CSE 49,CSE 47,CSE 17
Cadie,CSE 44,CSE 50,CSE 12,CSE 23,CSE 8
Tony,CSE 10,CSE 29,CSE 41,CSE 17,CSE 32
Michelle,CSE 24,CSE 31,CSE 6,CSE 34,CSE 49
Aldus,CSE 49,CSE 36,CSE 26,CSE 49,CSE 45
Michael,CSE 27,CSE 10,CSE 21,CSE 42,CSE 7
Freddie,CSE 36,CSE 19,CSE 32,CSE 47,CSE 18
Leonardo,CSE 8,CSE 3,CSE 35,CSE 14,CSE 19
Alina,CSE 16,CSE 46,CSE 23,CSE 28,CSE 2
Dexter,CSE 24,CSE 22,CSE 41,CSE 45,CSE 44
Alexander,CSE 36,CSE 43,CSE 22,CSE 18,CSE 40
Stella,CSE 39,CSE 7,CSE 16,CSE 41,CSE 18
Jasmine,CSE 33,CSE 20,CSE 44,CSE 18,CSE 35
Madaline,CSE 11,CSE 37,CSE 25,CSE 45,CSE 16
Thomas,CSE 16,CSE 1,CSE 26,CSE 21,CSE 5
Myra,CSE 43,CSE 31,CSE 3,CSE 48,CSE 41
Madaline,CSE 15,CSE 43,CSE 47,CSE 4,CSE 17
Carlos,CSE 44,CSE 26,CSE 15,CSE 45,CSE 40
Heather,CSE 17,CSE 35,CSE 38,CSE 12,CSE 50
Garry,CSE 2,CSE 49,CSE 7,CSE 28,CSE 10
Alisa,CSE 6,CSE 24,CSE 18,CSE 39,CSE 40
Dominik,CSE 17,CSE 5,CSE 19,CSE 1,CSE 6
Miley,CSE 41,CSE 4,CSE 43,CSE 49,CSE 3
Vivian,CSE 26,CSE 29,CSE 11,CSE 19,CSE 28
Robert,CSE 38,CSE 32,CSE 15,CSE 34,CSE 14
Lucas,CSE 4,CSE 4,CSE 6,CSE 18,CSE 34
Abraham,CSE 48,CSE 19,CSE 7,CSE 12,CSE 31
Kevin,CSE 9,CSE 46,CSE 16,CSE 36,CSE 36
Carina,CSE 45,CSE 10,CSE 14,CSE 42,CSE 26
Penelope,CSE 36,CSE 29,CSE 47,CSE 30,CSE 39
Alfred,CSE 25,CSE 28,CSE 14,CSE 2,CSE 18
Miller,CSE 37,CSE 45,CSE 1,CSE 20,CSE 5
Evelyn,CSE 3,CSE 21,CSE 26,CSE 50,CSE 31
Aston,CSE 13,CSE 15,CSE 10,CSE 25,CSE 5
Amy,CSE 15,CSE 10,CSE 45,CSE 10,CSE 9
Abigail,CSE 26,CSE 3,CSE 35,CSE 24,CSE 26
Thomas,CSE 18,CSE 41,CSE 24,CSE 43,CSE 30
Brooke,CSE 18,CSE 21,CSE 29,CSE 33,CSE 25
Adelaide,CSE 3,CSE 41,CSE 26,CSE 8,CSE 2
Haris,CSE 13,CSE 3,CSE 31,CSE 38,CSE 2
Sofia,CSE 17,CSE 18,CSE 41,CSE 44,CSE 48
Kate,CSE 39,CSE 37,CSE 9,CSE 8,CSE 33
Paige,CSE 6,CSE 45,CSE 7,CSE 35,CSE 7
Thomas,CSE 10,CSE 32,CSE 13,CSE 41,CSE 29
Henry,CSE 33,CSE 38,CSE 2,CSE 32,CSE 10
Michelle,CSE 40,CSE 43,CSE 38,CSE 39,CSE 18
Cherry,CSE 11,CSE 32,CSE 26,CSE 40,CSE 47
Alina,CSE 37,CSE 38,CSE 49,CSE 48,CSE 5
Edgar,CSE 23,CSE 47,CSE 13,CSE 4,CSE 48
Wilson,CSE 44,CSE 44,CSE 36,CSE 44,CSE 47
Julian,CSE 42,CSE 42,CSE 21,CSE 8,CSE 45
Emma,CSE 32,CSE 3,CSE 19,CSE 16,CSE 46
Frederick,CSE 17,CSE 9,CSE 16,CSE 13,CSE 4
Arthur,CSE 48,CSE 3,CSE 28,CSE 7,CSE 19
Stella,CSE 21,CSE 37,CSE 22,CSE 15,CSE 36
Walter,CSE 42,CSE 29,CSE 28,CSE 35,CSE 31
Aston,CSE 23,CSE 49,CSE 26,CSE 35,CSE 6
Adrianna,CSE 43,CSE 19,CSE 27,CSE 41,CSE 40
Lana,CSE 11,CSE 1,CSE 17,CSE 6,CSE 8
Charlie,CSE 22,CSE 32,CSE 7,CSE 25,CSE 35
Paige,CSE 23,CSE 35,CSE 22,CSE 31,CSE 1
Andrew,CSE 23,CSE 45,CSE 29,CSE 2,CSE 5
Lyndon,CSE 26,CSE 27,CSE 24,CSE 7,CSE 18
Olivia,CSE 21,CSE 12,CSE 35,CSE 2,CSE 13
Kellan,CSE 47,CSE 4,CSE 15,CSE 23,CSE 22
Ted,CSE 25,CSE 38,CSE 38,CSE 4,CSE 47
Cadie,CSE 23,CSE 7,CSE 28,CSE 39,CSE 46
Tony,CSE 33,CSE 18,CSE 25,CSE 23,CSE 40
Ned,CSE 13,CSE 28,CSE 47,CSE 32,CSE 29
Chelsea,CSE 43,CSE 43,CSE 29,CSE 16,CSE 26
Abigail,CSE 26,CSE 12,CSE 15,CSE 40,CSE 9
Arianna,CSE 40,CSE 27,CSE 14,CSE 7,CSE 18
Brooke,CSE 36,CSE 33,CSE 28,CSE 4,CSE 8
Maximilian,CSE 13,CSE 46,CSE 3,CSE 6,CSE 15
James,CSE 10,CSE 27,CSE 14,CSE 22,CSE 43
Andrew,CSE 22,CSE 33,CSE 26,CSE 4,CSE 36
Miller,CSE 41,CSE 23,CSE 4,CSE 39,CSE 33
Ted,CSE 41,CSE 30,CSE 23,CSE 7,CSE 34
Cherry,CSE 38,CSE 6,CSE 20,CSE 16,CSE 43
Ted,CSE 8,CSE 16,CSE 12,CSE 8,CSE 10
Gianna,CSE 28,CSE 40,CSE 25,CSE 22,CSE 46
Roman,CSE 3,CSE 40,CSE 28,CSE 19,CSE 1
Tess,CSE 38,CSE 40,CSE 25,CSE 41,CSE 13
Emily,CSE 9,CSE 12,CSE 6,CSE 9,CSE 48
Isabella,CSE 44,CSE 50,CSE 49,CSE 1,CSE 20
Antony,CSE 2,CSE 39,CSE 28,CSE 9,CSE 3
Olivia,CSE 47,CSE 40,CSE 10,CSE 22,CSE 27
Paul,CSE 4,CSE 17,CSE 23,CSE 21,CSE 45
Lucia,CSE 3,CSE 2,CSE 35,CSE 23,CSE 8
Michelle,CSE 3,CSE 33,CSE 3,CSE 5,CSE 45
Anna,CSE 40,CSE 26,CSE 28,CSE 11,CSE 24
Edith,CSE 45,CSE 27,CSE 8,CSE 37,CSE 14
Edgar,CSE 5,CSE 13,CSE 10,CSE 13,CSE 35
Florrie,CSE 28,CSE 15,CSE 45,CSE 23,CSE 8
Grace,CSE 34,CSE 25,CSE 24,CSE 34,CSE 17
John,CSE 25,CSE 15,CSE 37,CSE 31,CSE 5
Vivian,CSE 49,CSE 28,CSE 47,CSE 22,CSE 23
Ada,CSE 25,CSE 38,CSE 1,CSE 21,CSE 40
Heather,CSE 30,CSE 27,CSE 9,CSE 28,CSE 36
Mike,CSE 9,CSE 37,CSE 30,CSE 39,CSE 37
Catherine,CSE 47,CSE 22,CSE 18,CSE 10,CSE 1
Tyler,CSE 31,CSE 11,CSE 41,CSE 42,CSE 19
Rosie,CSE 35,CSE 31,CSE 39,CSE 46,CSE 46
Paul,CSE 27,CSE 12,CSE 35,CSE 4,CSE 24
Andrew,CSE 10,CSE 41,CSE 14,CSE 42,CSE 32
Elise,CSE 31,CSE 26,CSE 4,CSE 1,CSE 4
Honey,CSE 46,CSE 30,CSE 16,CSE 17,CSE 46
Arthur,CSE 12,CSE 33,CSE 43,CSE 19,CSE 35
Dale,CSE 30,CSE 44,CSE 46,CSE 40,CSE 16
Adelaide,CSE 6,CSE 17,CSE 41,CSE 44,CSE 40
Eddy,CSE 36,CSE 2,CSE 6,CSE 48,CSE 27
Ryan,CSE 4,CSE 19,CSE 30,CSE 39,CSE 11
Lucia,CSE 40,CSE 40,CSE 13,CSE 41,CSE 46
Kirsten,CSE 29,CSE 7,CSE 26,CSE 26,CSE 15
Darcy,CSE 22,CSE 31,CSE 29,CSE 23,CSE 39
Jordan,CSE 12,CSE 49,CSE 3,CSE 13,CSE 3
Dominik,CSE 8,CSE 48,CSE 14,CSE 35,CSE 35
Marcus,CSE 8,CSE 38,CSE 33,CSE 41,CSE 27
Alexander,CSE 30,CSE 24,CSE 14,CSE 13,CSE 45
Michelle,CSE 7,CSE 11,CSE 35,CSE 18,CSE 27
David,CSE 45,CSE 44,CSE 29,CSE 4,CSE 23
Maximilian,CSE 2,CSE 18,CSE 21,CSE 41,CSE 23
Sawyer,CSE 31,CSE 39,CSE 48,CSE 21,CSE 39
Luke,CSE 19,CSE 9,CSE 33,CSE 37,CSE 37
Penelope,CSE 36,CSE 27,CSE 15,CSE 50,CSE 50
Kellan,CSE 38,CSE 16,CSE 45,CSE 48,CSE 8
Chester,CSE 41,CSE 19,CSE 2,CSE 35,CSE 50
Belinda,CSE 8,CSE 1,CSE 50,CSE 29,CSE 10
Lyndon,CSE 9,CSE 5,CSE 43,CSE 29,CSE 28
Arnold,CSE 37,CSE 45,CSE 50,CSE 20,CSE 46
Haris,CSE 18,CSE 28,CSE 38,CSE 17,CSE 44
Thomas,CSE 49,CSE 27,CSE 20,CSE 20,CSE 20
Stuart,CSE 17,CSE 37,CSE 32,CSE 40,CSE 10
Melanie,CSE 7,CSE 48,CSE 28,CSE 23,CSE 6
Samantha,CSE 6,CSE 49,CSE 44,CSE 29,CSE 38
Alexia,CSE 39,CSE 47,CSE 40,CSE 10,CSE 1
James,CSE 21,CSE 35,CSE 34,CSE 6,CSE 48
Annabella,CSE 47,CSE 44,CSE 32,CSE 5,CSE 24
Edwin,CSE 47,CSE 6,CSE 40,CSE 20,CSE 43
Aida,CSE 25,CSE 20,CSE 48,CSE 23,CSE 2
Reid,CSE 10,CSE 40,CSE 41,CSE 47,CSE 21
Kate,CSE 14,CSE 7,CSE 40,CSE 46,CSE 13
Steven,CSE 6,CSE 1,CSE 36,CSE 14,CSE 45
Natalie,CSE 2,CSE 22,CSE 12,CSE 39,CSE 49
Garry,CSE 23,CSE 37,CSE 9,CSE 26,CSE 30
Harold,CSE 28,CSE 29,CSE 32,CSE 28,CSE 32
Tess,CSE 42,CSE 1,CSE 14,CSE 5,CSE 7
Lucas,CSE 40,CSE 16,CSE 11,CSE 12,CSE 24
Vincent,CSE 46,CSE 50,CSE 33,CSE 34,CSE 41
Caroline,CSE 41,CSE 50,CSE 24,CSE 50,CSE 26
Nicholas,CSE 35,CSE 24,CSE 23,CSE 24,CSE 50
Edith,CSE 3,CSE 44,CSE 2,CSE 46,CSE 2
Edith,CSE 32,CSE 44,CSE 17,CSE 37,CSE 6
Albert,CSE 20,CSE 13,CSE 29,CSE 47,CSE 22
Edwin,CSE 12,CSE 34,CSE 3,CSE 43,CSE 14
Alina,CSE 47,CSE 9,CSE 40,CSE 43,CSE 20
Sawyer,CSE 36,CSE 16,CSE 16,CSE 8,CSE 27
Ashton,CSE 13,CSE 50,CSE 9,CSE 11,CSE 20
Tess,CSE 33,CSE 46,CSE 39,CSE 24,CSE 31
Sophia,CSE 11,CSE 38,CSE 33,CSE 6,CSE 21
Daniel,CSE 42,CSE 36,CSE 32,CSE 9,CSE 33
Tess,CSE 27,CSE 27,CSE 32,CSE 34,CSE 38
Maddie,CSE 45,CSE 40,CSE 41,CSE 45,CSE 32
Melissa,CSE 41,CSE 4,CSE 45,CSE 43,CSE 19
Ned,CSE 42,CSE 47,CSE 28,CSE 25,CSE 5
Justin,CSE 22,CSE 30,CSE 35,CSE 50,CSE 47
Audrey,CSE 30,CSE 24,CSE 28,CSE 25,CSE 20
Brianna,CSE 36,CSE 46,CSE 43,CSE 4,CSE 2
Nicholas,CSE 31,CSE 44,CSE 11,CSE 29,CSE 20
Amy,CSE 34,CSE 25,CSE 37,CSE 28,CSE 2
Ned,CSE 16,CSE 29,CSE 12,CSE 19,CSE 16
Alan,CSE 48,CSE 20,CSE 33,CSE 13,CSE 12
Ryan,CSE 39,CSE 27,CSE 11,CSE 44,CSE 28
Stella,CSE 29,CSE 36,CSE 20,CSE 42,CSE 15
Dainton,CSE 21,CSE 5,CSE 13,CSE 10,CSE 31
Bruce,CSE 9,CSE 11,CSE 2,CSE 26,CSE 10
Alberta,CSE 48,CSE 45,CSE 24,CSE 40,CSE 46
Olivia,CSE 24,CSE 10,CSE 13,CSE 45,CSE 7
April,CSE 4,CSE 13,CSE 19,CSE 26,CSE 8
Maria,CSE 43,CSE 13,CSE 27,CSE 31,CSE 10
Kelvin,CSE 30,CSE 16,CSE 26,CSE 7,CSE 13
Alberta,CSE 24,CSE 35,CSE 18,CSE 50,CSE 36
Jared,CSE 47,CSE 20,CSE 16,CSE 21,CSE 5
Ned,CSE 39,CSE 47,CSE 12,CSE 49,CSE 2
Carlos,CSE 40,CSE 5,CSE 40,CSE 21,CSE 23
Chelsea,CSE 42,CSE 7,CSE 10,CSE 2,CSE 14
Brianna,CSE 40,CSE 17,CSE 41,CSE 40,CSE 20
Edwin,CSE 37,CSE 29,CSE 32,CSE 31,CSE 43
Lyndon,CSE 35,CSE 39,CSE 39,CSE 28,CSE 22
Maya,CSE 48,CSE 40,CSE 19,CSE 31,CSE 26
Haris,CSE 1,CSE 38,CSE 49,CSE 40,CSE 13
Ashton,CSE 48,CSE 26,CSE 23,CSE 21,CSE 38
Kimberly,CSE 21,CSE 12,CSE 33,CSE 32,CSE 45
Daisy,CSE 27,CSE 23,CSE 3,CSE 19,CSE 23
Evelyn,CSE 10,CSE 33,CSE 7,CSE 13,CSE 9
Chelsea,CSE 10,CSE 28,CSE 48,CSE 6,CSE 32
Rafael,CSE 32,CSE 45,CSE 47,CSE 17,CSE 50
Arianna,CSE 46,CSE 47,CSE 20,CSE 15,CSE 32
Byron,CSE 16,CSE 12,CSE 27,CSE 46,CSE 32
Paige,CSE 33,CSE 29,CSE 28,CSE 21,CSE 36
Bruce,CSE 46,CSE 16,CSE 22,CSE 50,CSE 28
Adison,CSE 32,CSE 37,CSE 43,CSE 11,CSE 8
Nicole,CSE 1,CSE 45,CSE 29,CSE 43,CSE 11
Tara,CSE 31,CSE 35,CSE 20,CSE 41,CSE 45
Camila,CSE 22,CSE 21,CSE 47,CSE 19,CSE 27
Adele,CSE 50,CSE 13,CSE 31,CSE 47,CSE 42
Daryl,CSE 34,CSE 32,CSE 32,CSE 12,CSE 15
Maria,CSE 24,CSE 34,CSE 47,CSE 31,CSE 8
Savana,CSE 1,CSE 43,CSE 48,CSE 42,CSE 10
Jack,CSE 30,CSE 7,CSE 27,CSE 2,CSE 18
Ryan,CSE 43,CSE 46,CSE 43,CSE 49,CSE 6
Brad,CSE 30,CSE 7,CSE 5,CSE 34,CSE 13
Walter,CSE 31,CSE 39,CSE 45,CSE 17,CSE 39
Carina,CSE 9,CSE 39,CSE 38,CSE 35,CSE 45
Dainton,CSE 5,CSE 23,CSE 8,CSE 42,CSE 35
Aida,CSE 45,CSE 34,CSE 27,CSE 33,CSE 8
Briony,CSE 29,CSE 18,CSE 41,CSE 7,CSE 37
Jacob,CSE 12,CSE 39,CSE 42,CSE 38,CSE 35
Vivian,CSE 38,CSE 4,CSE 47,CSE 5,CSE 50
James,CSE 23,CSE 48,CSE 8,CSE 16,CSE 21
Amelia,CSE 34,CSE 19,CSE 19,CSE 19,CSE 12
James,CSE 36,CSE 11,CSE 1,CSE 50,CSE 3
Lily,CSE 8,CSE 25,CSE 7,CSE 29,CSE 47
Arianna,CSE 9,CSE 50,CSE 46,CSE 22,CSE 45
Natalie,CSE 24,CSE 5,CSE 14,CSE 6,CSE 25
Tony,CSE 10,CSE 29,CSE 24,CSE 4,CSE 6
Tess,CSE 41,CSE 17,CSE 5,CSE 11,CSE 11
Lyndon,CSE 35,CSE 8,CSE 20,CSE 17,CSE 11
David,CSE 42,CSE 45,CSE 3,CSE 41,CSE 14
Jack,CSE 3,CSE 22,CSE 17,CSE 9,CSE 45
Fenton,CSE 12,CSE 10,CSE 18,CSE 8,CSE 27
Kelsey,CSE 15,CSE 19,CSE 18,CSE 14,CSE 23
Savana,CSE 45,CSE 11,CSE 17,CSE 5,CSE 26
Honey,CSE 23,CSE 48,CSE 21,CSE 42,CSE 18
Eric,CSE 8,CSE 28,CSE 37,CSE 16,CSE 46
Kellan,CSE 5,CSE 44,CSE 21,CSE 45,CSE 42
Vanessa,CSE 21,CSE 28,CSE 23,CSE 4,CSE 39
Stella,CSE 14,CSE 18,CSE 38,CSE 31,CSE 32
Nicole,CSE 2,CSE 18,CSE 35,CSE 8,CSE 32
Alen,CSE 24,CSE 41,CSE 23,CSE 48,CSE 40
Adam,CSE 17,CSE 45,CSE 19,CSE 27,CSE 48
Brianna,CSE 9,CSE 31,CSE 16,CSE 18,CSE 19
Lucy,CSE 10,CSE 32,CSE 44,CSE 7,CSE 38
Julian,CSE 26,CSE 24,CSE 31,CSE 1,CSE 17
Chester,CSE 38,CSE 39,CSE 44,CSE 12,CSE 35
Madaline,CSE 22,CSE 16,CSE 16,CSE 36,CSE 18
Edith,CSE 10,CSE 38,CSE 32,CSE 1,CSE 36
Lyndon,CSE 9,CSE 39,CSE 19,CSE 18,CSE 29
Florrie,CSE 3,CSE 42,CSE 38,CSE 5,CSE 22
Tiana,CSE 10,CSE 19,CSE 25,CSE 5,CSE 15
Sophia,CSE 29,CSE 12,CSE 28,CSE 13,CSE 40
Roman,CSE 50,CSE 12,CSE 48,CSE 20,CSE 23
Tiana,CSE 18,CSE 2,CSE 23,CSE 15,CSE 42
Deanna,CSE 50,CSE 48,CSE 50,CSE 16,CSE 3
Aida,CSE 22,CSE 29,CSE 3,CSE 14,CSE 4
Connie,CSE 36,CSE 24,CSE 13,CSE 23,CSE 7
Edith,CSE 41,CSE 34,CSE 50,CSE 8,CSE 27
Arnold,CSE 5,CSE 19,CSE 29,CSE 26,CSE 10
Vivian,CSE 4,CSE 11,CSE 32,CSE 9,CSE 35
Natalie,CSE 18,CSE 25,CSE 29,CSE 28,CSE 50
Agata,CSE 3,CSE 13,CSE 19,CSE 26,CSE 8
Adelaide,CSE 29,CSE 46,CSE 33,CSE 25,CSE 44
Jacob,CSE 13,CSE 34,CSE 38,CSE 21,CSE 27
Ted,CSE 43,CSE 4,CSE 43,CSE 3,CSE 12
Sienna,CSE 24,CSE 27,CSE 49,CSE 18,CSE 2
Alexander,CSE 27,CSE 16,CSE 46,CSE 5,CSE 2
Rosie,CSE 46,CSE 41,CSE 27,CSE 25,CSE 49
Belinda,CSE 19,CSE 49,CSE 17,CSE 29,CSE 4
Ryan,CSE 3,CSE 47,CSE 26,CSE 46,CSE 36
Carl,CSE 43,CSE 13,CSE 33,CSE 7,CSE 4
Richard,CSE 32,CSE 34,CSE 13,CSE 20,CSE 50
Lily,CSE 14,CSE 28,CSE 50,CSE 32,CSE 4
Kristian,CSE 23,CSE 9,CSE 36,CSE 42,CSE 15
Adrian,CSE 9,CSE 23,CSE 29,CSE 31,CSE 31
Olivia,CSE 3,CSE 38,CSE 42,CSE 12,CSE 28
Kellan,CSE 14,CSE 23,CSE 1,CSE 44,CSE 6
Jordan,CSE 9,CSE 43,CSE 33,CSE 24,CSE 24
Edgar,CSE 41,CSE 42,CSE 11,CSE 6,CSE 26
Carina,CSE 43,CSE 4,CSE 49,CSE 10,CSE 45
Violet,CSE 11,CSE 14,CSE 19,CSE 40,CSE 40
Charlie,CSE 47,CSE 3,CSE 32,CSE 43,CSE 49
Oliver,CSE 35,CSE 18,CSE 28,CSE 50,CSE 11
Amelia,CSE 28,CSE 19,CSE 28,CSE 7,CSE 38
Maddie,CSE 24,CSE 3,CSE 3,CSE 44,CSE 18
Tess,CSE 39,CSE 33,CSE 43,CSE 39,CSE 26
Abraham,CSE 7,CSE 19,CSE 37,CSE 25,CSE 6
Michelle,CSE 27,CSE 41,CSE 44,CSE 28,CSE 33
Frederick,CSE 48,CSE 34,CSE 13,CSE 42,CSE 12
Mary,CSE 6,CSE 34,CSE 45,CSE 33,CSE 34
James,CSE 11,CSE 50,CSE 43,CSE 16,CSE 48
Chester,CSE 3,CSE 41,CSE 3,CSE 49,CSE 24
Rafael,CSE 8,CSE 25,CSE 5,CSE 40,CSE 7
Wilson,CSE 18,CSE 28,CSE 4,CSE 25,CSE 12
Brianna,CSE 23,CSE 43,CSE 12,CSE 17,CSE 3
Lilianna,CSE 19,CSE 43,CSE 19,CSE 37,CSE 47
Sydney,CSE 49,CSE 29,CSE 36,CSE 2,CSE 26
Bruce,CSE 32,CSE 40,CSE 28,CSE 43,CSE 27
Maximilian,CSE 35,CSE 15,CSE 4,CSE 26,CSE 45
Ryan,CSE 48,CSE 43,CSE 39,CSE 18,CSE 22
Myra,CSE 8,CSE 47,CSE 22,CSE 22,CSE 44
Albert,CSE 31,CSE 33,CSE 14,CSE 31,CSE 25
Spike,CSE 6,CSE 16,CSE 7,CSE 31,CSE 16
Valeria,CSE 17,CSE 9,CSE 50,CSE 27,CSE 6
Adrian,CSE 46,CSE 12,CSE 4,CSE 21,CSE 12
Edith,CSE 17,CSE 7,CSE 19,CSE 41,CSE 49
Alan,CSE 30,CSE 31,CSE 6,CSE 48,CSE 19
Emma,CSE 25,CSE 45,CSE 14,CSE 5,CSE 14
Daniel,CSE 29,CSE 33,CSE 1,CSE 32,CSE 24
Edgar,CSE 22,CSE 50,CSE 45,CSE 38,CSE 24
Alberta,CSE 41,CSE 33,CSE 4,CSE 15,CSE 27
Sabrina,CSE 32,CSE 26,CSE 23,CSE 40,CSE 12
Oscar,CSE 12,CSE 45,CSE 28,CSE 6,CSE 15
Heather,CSE 4,CSE 34,CSE 13,CSE 40,CSE 20
Arianna,CSE 2,CSE 13,CSE 48,CSE 45,CSE 35
Luke,CSE 31,CSE 32,CSE 17,CSE 24,CSE 33
Paul,CSE 39,CSE 5,CSE 38,CSE 41,CSE 7
Joyce,CSE 7,CSE 8,CSE 25,CSE 17,CSE 12
Ted,CSE 48,CSE 11,CSE 18,CSE 7,CSE 47
Michael,CSE 26,CSE 40,CSE 27,CSE 2,CSE 21
Brianna,CSE 42,CSE 4,CSE 34,CSE 6,CSE 43
Maddie,CSE 9,CSE 43,CSE 36,CSE 10,CSE 14
Eddy,CSE 1,CSE 50,CSE 11,CSE 23,CSE 40
Rafael,CSE 41,CSE 29,CSE 9,CSE 10,CSE 31
Jenna,CSE 14,CSE 35,CSE 37,CSE 15,CSE 16
Abraham,CSE 34,CSE 24,CSE 33,CSE 32,CSE 17
Adison,CSE 24,CSE 38,CSE 14,CSE 2,CSE 34
Adam,CSE 15,CSE 14,CSE 35,CSE 29,CSE 7
Bruce,CSE 40,CSE 16,CSE 20,CSE 10,CSE 31
Lydia,CSE 20,CSE 49,CSE 7,CSE 48,CSE 29
Tiana,CSE 14,CSE 48,CSE 18,CSE 50,CSE 45
Heather,CSE 23,CSE 10,CSE 5,CSE 7,CSE 45
Clark,CSE 26,CSE 6,CSE 40,CSE 32,CSE 47
Carl,CSE 48,CSE 4,CSE 28,CSE 7,CSE 10
Cadie,CSE 33,CSE 16,CSE 40,CSE 25,CSE 48
Gianna,CSE 48,CSE 44,CSE 21,CSE 12,CSE 10
Nicholas,CSE 21,CSE 42,CSE 46,CSE 15,CSE 34
Madaline,CSE 13,CSE 6,CSE 45,CSE 3,CSE 44
Justin,CSE 15,CSE 23,CSE 26,CSE 50,CSE 5
Ashton,CSE 33,CSE 37,CSE 37,CSE 44,CSE 21
Paul,CSE 30,CSE 47,CSE 45,CSE 47,CSE 7
Preston,CSE 35,CSE 18,CSE 34,CSE 33,CSE 9
Jessica,CSE 8,CSE 27,CSE 46,CSE 48,CSE 21
Rafael,CSE 37,CSE 6,CSE 43,CSE 41,CSE 19
Sophia,CSE 5,CSE 44,CSE 46,CSE 13,CSE 46
Daisy,CSE 31,CSE 39,CSE 30,CSE 45,CSE 3
Robert,CSE 9,CSE 13,CSE 4,CSE 40,CSE 9
James,CSE 44,CSE 44,CSE 48,CSE 41,CSE 24
Valeria,CSE 12,CSE 36,CSE 26,CSE 5,CSE 46
Lyndon,CSE 23,CSE 23,CSE 11,CSE 5,CSE 12
Miley,CSE 27,CSE 17,CSE 39,CSE 13,CSE 33
Aida,CSE 39,CSE 49,CSE 16,CSE 25,CSE 10
Heather,CSE 35,CSE 46,CSE 31,CSE 10,CSE 11
Kimberly,CSE 8,CSE 36,CSE 48,CSE 43,CSE 43
Alissa,CSE 11,CSE 28,CSE 13,CSE 13,CSE 36
Charlie,CSE 10,CSE 34,CSE 12,CSE 37,CSE 48
Tiana,CSE 14,CSE 34,CSE 42,CSE 1,CSE 50
Tiana,CSE 44,CSE 15,CSE 21,CSE 19,CSE 13
Albert,CSE 3,CSE 17,CSE 2,CSE 36,CSE 11
Camila,CSE 12,CSE 37,CSE 27,CSE 32,CSE 42
David,CSE 50,CSE 14,CSE 2,CSE 44,CSE 24
Charlie,CSE 41,CSE 48,CSE 12,CSE 33,CSE 17
Michelle,CSE 5,CSE 5,CSE 4,CSE 25,CSE 14
Aldus,CSE 4,CSE 37,CSE 42,CSE 32,CSE 38
Dale,CSE 23,CSE 27,CSE 2,CSE 15,CSE 13
Brooke,CSE 39,CSE 41,CSE 42,CSE 41,CSE 4
Madaline,CSE 30,CSE 3,CSE 8,CSE 50,CSE 41
Rafael,CSE 48,CSE 40,CSE 20,CSE 26,CSE 44
Martin,CSE 9,CSE 24,CSE 4,CSE 31,CSE 31
Violet,CSE 42,CSE 16,CSE 43,CSE 29,CSE 10
Edith,CSE 18,CSE 26,CSE 36,CSE 16,CSE 24
Roman,CSE 21,CSE 50,CSE 14,CSE 7,CSE 41
Tiana,CSE 32,CSE 40,CSE 6,CSE 4,CSE 8
Tony,CSE 12,CSE 20,CSE 13,CSE 37,CSE 5
Audrey,CSE 27,CSE 36,CSE 50,CSE 3,CSE 8
Jared,CSE 5,CSE 23,CSE 29,CSE 22,CSE 12
Miley,CSE 20,CSE 39,CSE 15,CSE 29,CSE 40
Florrie,CSE 50,CSE 16,CSE 15,CSE 31,CSE 15
Abraham,CSE 43,CSE 20,CSE 16,CSE 20,CSE 50
Mike,CSE 9,CSE 6,CSE 36,CSE 27,CSE 30
Alexia,CSE 1,CSE 33,CSE 18,CSE 5,CSE 4
Kelvin,CSE 19,CSE 37,CSE 7,CSE 40,CSE 31
Aiden,CSE 42,CSE 1,CSE 36,CSE 40,CSE 2
Natalie,CSE 18,CSE 21,CSE 28,CSE 33,CSE 33
Stuart,CSE 22,CSE 50,CSE 29,CSE 4,CSE 46
Carl,CSE 20,CSE 15,CSE 25,CSE 21,CSE 35
Alford,CSE 7,CSE 15,CSE 36,CSE 12,CSE 36
Mike,CSE 2,CSE 47,CSE 19,CSE 5,CSE 48
Savana,CSE 10,CSE 45,CSE 48,CSE 16,CSE 14
Dexter,CSE 35,CSE 38,CSE 49,CSE 17,CSE 6
Carlos,CSE 10,CSE 43,CSE 17,CSE 19,CSE 10
Anna,CSE 20,CSE 46,CSE 18,CSE 42,CSE 35
Briony,CSE 32,CSE 30,CSE 33,CSE 16,CSE 14
David,CSE 17,CSE 41,CSE 27,CSE 23,CSE 17
Adele,CSE 36,CSE 24,CSE 14,CSE 37,CSE 20
Victor,CSE 33,CSE 7,CSE 18,CSE 21,CSE 42
Florrie,CSE 14,CSE 14,CSE 5,CSE 17,CSE 19
John,CSE 41,CSE 44,CSE 20,CSE 50,CSE 44
Richard,CSE 44,CSE 36,CSE 13,CSE 12,CSE 6
Arthur,CSE 18,CSE 4,CSE 42,CSE 47,CSE 2
Heather,CSE 19,CSE 27,CSE 43,CSE 40,CSE 41
Miley,CSE 30,CSE 22,CSE 39,CSE 15,CSE 50
John,CSE 39,CSE 9,CSE 11,CSE 19,CSE 22
Nicole,CSE 18,CSE 17,CSE 47,CSE 28,CSE 8
Heather,CSE 16,CSE 45,CSE 9,CSE 30,CSE 3
Thomas,CSE 33,CSE 48,CSE 28,CSE 40,CSE 8
Miley,CSE 12,CSE 50,CSE 7,CSE 49,CSE 2
Ellia,CSE 35,CSE 1,CSE 40,CSE 28,CSE 24
Brianna,CSE 1,CSE 44,CSE 23,CSE 32,CSE 11
Alan,CSE 43,CSE 40,CSE 22,CSE 18,CSE 17
Michelle,CSE 48,CSE 9,CSE 4,CSE 30,CSE 20
Kirsten,CSE 6,CSE 3,CSE 4,CSE 39,CSE 33
Arthur,CSE 35,CSE 12,CSE 21,CSE 37,CSE 27
Haris,CSE 40,CSE 42,CSE 36,CSE 21,CSE 19
Patrick,CSE 5,CSE 16,CSE 37,CSE 9,CSE 48
Byron,CSE 50,CSE 36,CSE 21,CSE 44,CSE 49
Jenna,CSE 18,CSE 16,CSE 35,CSE 18,CSE 42
Luke,CSE 33,CSE 36,CSE 33,CSE 33,CSE 18
Mary,CSE 40,CSE 12,CSE 35,CSE 21,CSE 11
Edgar,CSE 18,CSE 48,CSE 25,CSE 26,CSE 6
Mike,CSE 37,CSE 36,CSE 46,CSE 35,CSE 14
Penelope,CSE 30,CSE 12,CSE 8,CSE 30,CSE 37
Marcus,CSE 47,CSE 11,CSE 9,CSE 9,CSE 50
Martin,CSE 23,CSE 20,CSE 10,CSE 5,CSE 31
James,CSE 31,CSE 26,CSE 29,CSE 7,CSE 10
Rosie,CSE 17,CSE 34,CSE 49,CSE 8,CSE 46
Emily,CSE 23,CSE 12,CSE 22,CSE 28,CSE 40
Alisa,CSE 5,CSE 19,CSE 17,CSE 40,CSE 21
Lyndon,CSE 11,CSE 46,CSE 21,CSE 19,CSE 9
Sydney,CSE 39,CSE 31,CSE 25,CSE 17,CSE 19
Eleanor,CSE 16,CSE 39,CSE 9,CSE 40,CSE 21
Victor,CSE 24,CSE 23,CSE 42,CSE 9,CSE 48
Ryan,CSE 7,CSE 49,CSE 29,CSE 2,CSE 10
Heather,CSE 50,CSE 19,CSE 20,CSE 1,CSE 22
Sophia,CSE 9,CSE 20,CSE 30,CSE 41,CSE 31
Fenton,CSE 50,CSE 21,CSE 28,CSE 5,CSE 11
Jared,CSE 13,CSE 10,CSE 43,CSE 15,CSE 31
Reid,CSE 9,CSE 47,CSE 8,CSE 11,CSE 32
Dexter,CSE 29,CSE 9,CSE 9,CSE 13,CSE 24
Roland,CSE 36,CSE 32,CSE 12,CSE 4,CSE 43
Natalie,CSE 17,CSE 22,CSE 46,CSE 11,CSE 29
Roman,CSE 40,CSE 6,CSE 48,CSE 17,CSE 13
Spike,CSE 27,CSE 10,CSE 32,CSE 33,CSE 11
Dainton,CSE 29,CSE 37,CSE 5,CSE 10,CSE 40
Bruce,CSE 50,CSE 38,CSE 43,CSE 37,CSE 4
Miranda,CSE 46,CSE 43,CSE 3,CSE 5,CSE 34
Paul,CSE 32,CSE 48,CSE 42,CSE 28,CSE 13
Amelia,CSE 47,CSE 38,CSE 2,CSE 40,CSE 23
Deanna,CSE 17,CSE 35,CSE 3,CSE 14,CSE 43
Ellia,CSE 21,CSE 13,CSE 33,CSE 24,CSE 46
Evelyn,CSE 35,CSE 8,CSE 20,CSE 6,CSE 42
Jared,CSE 21,CSE 48,CSE 45,CSE 29,CSE 44
Ryan,CSE 13,CSE 20,CSE 25,CSE 37,CSE 46
Olivia,CSE 32,CSE 48,CSE 35,CSE 2,CSE 26
Rebecca,CSE 10,CSE 45,CSE 41,CSE 18,CSE 48
Roman,CSE 47,CSE 36,CSE 2,CSE 15,CSE 35
Charlotte,CSE 46,CSE 25,CSE 19,CSE 8,CSE 1
Frederick,CSE 47,CSE 9,CSE 16,CSE 38,CSE 24
Joyce,CSE 39,CSE 7,CSE 19,CSE 2,CSE 50
Violet,CSE 2,CSE 12,CSE 19,CSE 11,CSE 24
Lana,CSE 32,CSE 11,CSE 27,CSE 50,CSE 8
Maya,CSE 31,CSE 35,CSE 41,CSE 15,CSE 13
April,CSE 38,CSE 39,CSE 23,CSE 50,CSE 13
Albert,CSE 33,CSE 16,CSE 35,CSE 13,CSE 46
Edward,CSE 30,CSE 18,CSE 22,CSE 26,CSE 49
Lilianna,CSE 38,CSE 3,CSE 23,CSE 40,CSE 3
Stuart,CSE 46,CSE 40,CSE 46,CSE 15,CSE 10
Audrey,CSE 43,CSE 23,CSE 11,CSE 40,CSE 12
Adelaide,CSE 37,CSE 11,CSE 41,CSE 18,CSE 18
Oscar,CSE 31,CSE 37,CSE 4,CSE 47,CSE 32
Gianna,CSE 9,CSE 50,CSE 15,CSE 12,CSE 4
Emily,CSE 14,CSE 28,CSE 25,CSE 42,CSE 33
Luke,CSE 22,CSE 22,CSE 49,CSE 42,CSE 49
Ashton,CSE 40,CSE 18,CSE 6,CSE 5,CSE 14
Maddie,CSE 42,CSE 25,CSE 15,CSE 25,CSE 21
Wilson,CSE 22,CSE 43,CSE 44,CSE 41,CSE 37
Patrick,CSE 27,CSE 44,CSE 45,CSE 6,CSE 49
Dexter,CSE 16,CSE 16,CSE 32,CSE 47,CSE 46
Dale,CSE 47,CSE 37,CSE 28,CSE 25,CSE 27
Eleanor,CSE 3,CSE 13,CSE 3,CSE 14,CSE 45
Caroline,CSE 9,CSE 9,CSE 30,CSE 33,CSE 36
Jasmine,CSE 29,CSE 44,CSE 43,CSE 4,CSE 18
Madaline,CSE 39,CSE 44,CSE 20,CSE 25,CSE 39
Robert,CSE 16,CSE 24,CSE 2,CSE 10,CSE 44
Dexter,CSE 32,CSE 49,CSE 3,CSE 48,CSE 50
Natalie,CSE 25,CSE 3,CSE 24,CSE 13,CSE 6
Daniel,CSE 25,CSE 41,CSE 9,CSE 23,CSE 36
Lydia,CSE 27,CSE 10,CSE 40,CSE 8,CSE 32
Richard,CSE 29,CSE 39,CSE 25,CSE 46,CSE 32
George,CSE 8,CSE 41,CSE 40,CSE 48,CSE 34
Darcy,CSE 32,CSE 11,CSE 43,CSE 48,CSE 1
Amanda,CSE 36,CSE 44,CSE 11,CSE 26,CSE 11
Lucia,CSE 28,CSE 1,CSE 1,CSE 2,CSE 50
Alexia,CSE 35,CSE 29,CSE 47,CSE 35,CSE 31
Brianna,CSE 42,CSE 23,CSE 48,CSE 48,CSE 24
Myra,CSE 1,CSE 28,CSE 47,CSE 37,CSE 16
Brianna,CSE 21,CSE 44,CSE 50,CSE 27,CSE 40
Chelsea,CSE 23,CSE 10,CSE 48,CSE 46,CSE 20
Sarah,CSE 21,CSE 44,CSE 10,CSE 32,CSE 20
Maya,CSE 43,CSE 43,CSE 28,CSE 6,CSE 9
Adam,CSE 40,CSE 25,CSE 37,CSE 9,CSE 27
Valeria,CSE 47,CSE 2,CSE 18,CSE 4,CSE 36
Kirsten,CSE 32,CSE 16,CSE 29,CSE 33,CSE 7
Richard,CSE 24,CSE 7,CSE 6,CSE 21,CSE 42
Tyler,CSE 16,CSE 10,CSE 43,CSE 4,CSE 14
Sawyer,CSE 50,CSE 18,CSE 43,CSE 32,CSE 40
Roman,CSE 23,CSE 50,CSE 47,CSE 9,CSE 29
Elise,CSE 43,CSE 21,CSE 15,CSE 16,CSE 14
Daniel,CSE 3,CSE 24,CSE 33,CSE 4,CSE 2
Abraham,CSE 23,CSE 32,CSE 43,CSE 36,CSE 34
Daisy,CSE 45,CSE 3,CSE 30,CSE 29,CSE 3
Oscar,CSE 19,CSE 23,CSE 8,CSE 38,CSE 13
James,CSE 27,CSE 50,CSE 1,CSE 28,CSE 29
Justin,CSE 18,CSE 2,CSE 47,CSE 18,CSE 13
Carl,CSE 11,CSE 17,CSE 43,CSE 27,CSE 7
Carina,CSE 4,CSE 32,CSE 6,CSE 48,CSE 17
Walter,CSE 43,CSE 17,CSE 31,CSE 39,CSE 6
Tony,CSE 41,CSE 5,CSE 5,CSE 44,CSE 47
Arnold,CSE 10,CSE 22,CSE 35,CSE 47,CSE 47
Julia,CSE 45,CSE 31,CSE 46,CSE 47,CSE 44
Eleanor,CSE 37,CSE 48,CSE 8,CSE 8,CSE 28
Maddie,CSE 24,CSE 49,CSE 43,CSE 46,CSE 21
Edward,CSE 6,CSE 26,CSE 46,CSE 42,CSE 25
Mike,CSE 46,CSE 48,CSE 14,CSE 40,CSE 26
Paul,CSE 17,CSE 17,CSE 20,CSE 22,CSE 36
Olivia,CSE 27,CSE 8,CSE 11,CSE 1,CSE 5
Bruce,CSE 26,CSE 33,CSE 27,CSE 20,CSE 24
Adelaide,CSE 8,CSE 10,CSE 19,CSE 44,CSE 31
Tony,CSE 16,CSE 26,CSE 24,CSE 8,CSE 18
Tess,CSE 41,CSE 24,CSE 44,CSE 16,CSE 16
Alberta,CSE 6,CSE 20,CSE 10,CSE 37,CSE 1
Tyler,CSE 36,CSE 29,CSE 36,CSE 41,CSE 42
Miller,CSE 42,CSE 37,CSE 46,CSE 47,CSE 6
Freddie,CSE 25,CSE 17,CSE 9,CSE 9,CSE 50
Rubie,CSE 35,CSE 18,CSE 28,CSE 20,CSE 35
Sydney,CSE 39,CSE 3,CSE 37,CSE 33,CSE 30
Connie,CSE 7,CSE 34,CSE 3,CSE 28,CSE 23
Amber,CSE 10,CSE 43,CSE 34,CSE 42,CSE 34
Olivia,CSE 15,CSE 45,CSE 44,CSE 6,CSE 6
Elian,CSE 10,CSE 46,CSE 37,CSE 44,CSE 22
Alen,CSE 7,CSE 44,CSE 44,CSE 38,CSE 17
Henry,CSE 7,CSE 27,CSE 34,CSE 27,CSE 29
Alexia,CSE 4,CSE 24,CSE 33,CSE 6,CSE 33
Charlotte,CSE 43,CSE 43,CSE 39,CSE 17,CSE 21
Lydia,CSE 25,CSE 14,CSE 26,CSE 24,CSE 44
Lilianna,CSE 27,CSE 10,CSE 2,CSE 15,CSE 32
Darcy,CSE 45,CSE 34,CSE 3,CSE 45,CSE 38
Sophia,CSE 40,CSE 7,CSE 8,CSE 10,CSE 4
Brad,CSE 23,CSE 5,CSE 25,CSE 19,CSE 49
Jack,CSE 19,CSE 35,CSE 16,CSE 8,CSE 2
Wilson,CSE 7,CSE 44,CSE 4,CSE 36,CSE 23
Justin,CSE 39,CSE 21,CSE 35,CSE 46,CSE 39
Chester,CSE 26,CSE 44,CSE 25,CSE 33,CSE 36
Jared,CSE 47,CSE 28,CSE 11,CSE 28,CSE 21
Freddie,CSE 14,CSE 49,CSE 26,CSE 35,CSE 20
Jacob,CSE 25,CSE 45,CSE 5,CSE 23,CSE 38
Belinda,CSE 27,CSE 16,CSE 28,CSE 36,CSE 48
Darcy,CSE 37,CSE 11,CSE 34,CSE 29,CSE 29
Jasmine,CSE 11,CSE 29,CSE 40,CSE 35,CSE 24
Blake,CSE 5,CSE 21,CSE 31,CSE 30,CSE 42
Charlie,CSE 35,CSE 16,CSE 41,CSE 9,CSE 5
Alfred,CSE 43,CSE 2,CSE 27,CSE 17,CSE 38
Tiana,CSE 20,CSE 46,CSE 20,CSE 37,CSE 23
Annabella,CSE 11,CSE 29,CSE 18,CSE 34,CSE 27
Eddy,CSE 32,CSE 33,CSE 27,CSE 9,CSE 32
Grace,CSE 49,CSE 22,CSE 5,CSE 13,CSE 12
Jacob,CSE 22,CSE 45,CSE 36,CSE 33,CSE 5
Olivia,CSE 24,CSE 30,CSE 34,CSE 35,CSE 36
April,CSE 21,CSE 49,CSE 24,CSE 31,CSE 48
George,CSE 17,CSE 21,CSE 5,CSE 3,CSE 9
James,CSE 46,CSE 9,CSE 18,CSE 18,CSE 18
Derek,CSE 22,CSE 19,CSE 37,CSE 3,CSE 12
Kellan,CSE 33,CSE 12,CSE 25,CSE 45,CSE 39
Emily,CSE 15,CSE 10,CSE 4,CSE 18,CSE 33
Cherry,CSE 45,CSE 1,CSE 48,CSE 31,CSE 42
Sydney,CSE 23,CSE 25,CSE 13,CSE 4,CSE 26
Ted,CSE 30,CSE 20,CSE 5,CSE 15,CSE 43
Byron,CSE 16,CSE 15,CSE 25,CSE 27,CSE 27
Vanessa,CSE 6,CSE 37,CSE 16,CSE 43,CSE 7
Lucy,CSE 32,CSE 29,CSE 13,CSE 26,CSE 1
Sydney,CSE 46,CSE 5,CSE 17,CSE 33,CSE 31
Ryan,CSE 12,CSE 29,CSE 47,CSE 11,CSE 28
Lydia,CSE 23,CSE 17,CSE 35,CSE 42,CSE 10
Catherine,CSE 36,CSE 46,CSE 26,CSE 32,CSE 9
Hailey,CSE 36,CSE 20,CSE 16,CSE 8,CSE 3
Vincent,CSE 18,CSE 34,CSE 14,CSE 21,CSE 25
Arthur,CSE 45,CSE 49,CSE 43,CSE 22,CSE 29
Aldus,CSE 40,CSE 12,CSE 7,CSE 16,CSE 41
Jared,CSE 31,CSE 2,CSE 10,CSE 38,CSE 29
Miley,CSE 13,CSE 27,CSE 37,CSE 17,CSE 20
Savana,CSE 31,CSE 48,CSE 13,CSE 11,CSE 40
Oliver,CSE 22,CSE 32,CSE 41,CSE 15,CSE 3
Kristian,CSE 42,CSE 32,CSE 21,CSE 37,CSE 29
Jack,CSE 39,CSE 42,CSE 9,CSE 26,CSE 24
Marcus,CSE 21,CSE 26,CSE 20,CSE 47,CSE 5
Byron,CSE 48,CSE 8,CSE 5,CSE 38,CSE 35
Victoria,CSE 14,CSE 22,CSE 50,CSE 21,CSE 23
Carina,CSE 17,CSE 11,CSE 30,CSE 41,CSE 1
Alan,CSE 22,CSE 33,CSE 28,CSE 9,CSE 18
Owen,CSE 42,CSE 28,CSE 1,CSE 5,CSE 4
Harold,CSE 31,CSE 16,CSE 13,CSE 37,CSE 8
Preston,CSE 13,CSE 42,CSE 44,CSE 5,CSE 26
Sabrina,CSE 3,CSE 41,CSE 39,CSE 42,CSE 14
Cadie,CSE 19,CSE 21,CSE 39,CSE 26,CSE 7
Marcus,CSE 24,CSE 17,CSE 28,CSE 42,CSE 36
Daryl,CSE 30,CSE 19,CSE 47,CSE 47,CSE 5
Vanessa,CSE 23,CSE 27,CSE 45,CSE 4,CSE 12
Blake,CSE 3,CSE 1,CSE 37,CSE 9,CSE 50
Richard,CSE 4,CSE 30,CSE 28,CSE 22,CSE 44
Rafael,CSE 10,CSE 1,CSE 34,CSE 49,CSE 34
Alissa,CSE 18,CSE 19,CSE 33,CSE 19,CSE 36
James,CSE 50,CSE 5,CSE 45,CSE 26,CSE 31
Max,CSE 34,CSE 40,CSE 38,CSE 29,CSE 47
Stella,CSE 26,CSE 35,CSE 44,CSE 47,CSE 23
Connie,CSE 2,CSE 14,CSE 11,CSE 5,CSE 9
Chelsea,CSE 21,CSE 30,CSE 13,CSE 17,CSE 17
Anna,CSE 18,CSE 36,CSE 49,CSE 20,CSE 45
Cadie,CSE 8,CSE 12,CSE 7,CSE 22,CSE 50
Tara,CSE 10,CSE 25,CSE 27,CSE 33,CSE 26
Cherry,CSE 12,CSE 3,CSE 28,CSE 31,CSE 23
Victor,CSE 29,CSE 40,CSE 26,CSE 30,CSE 22
Lilianna,CSE 34,CSE 35,CSE 25,CSE 24,CSE 49
Blake,CSE 32,CSE 13,CSE 1,CSE 30,CSE 17
Aston,CSE 33,CSE 29,CSE 40,CSE 12,CSE 40
Elise,CSE 21,CSE 40,CSE 18,CSE 49,CSE 23
Clark,CSE 26,CSE 17,CSE 41,CSE 35,CSE 23
Ryan,CSE 42,CSE 22,CSE 28,CSE 23,CSE 1
Ashton,CSE 28,CSE 1,CSE 2,CSE 20,CSE 18
Miley,CSE 35,CSE 29,CSE 26,CSE 15,CSE 19
Edith,CSE 1,CSE 15,CSE 40,CSE 11,CSE 29
Carl,CSE 10,CSE 16,CSE 13,CSE 23,CSE 19
Victor,CSE 12,CSE 45,CSE 24,CSE 12,CSE 40
Roland,CSE 6,CSE 39,CSE 18,CSE 25,CSE 21
Alberta,CSE 50,CSE 32,CSE 3,CSE 12,CSE 49
Rafael,CSE 34,CSE 5,CSE 42,CSE 35,CSE 42
Steven,CSE 42,CSE 35,CSE 50,CSE 13,CSE 2
Jacob,CSE 29,CSE 41,CSE 22,CSE 19,CSE 40
Jack,CSE 24,CSE 11,CSE 13,CSE 17,CSE 5
Heather,CSE 35,CSE 11,CSE 50,CSE 50,CSE 16
Justin,CSE 9,CSE 45,CSE 13,CSE 33,CSE 29
Ryan,CSE 14,CSE 34,CSE 31,CSE 26,CSE 33
Elian,CSE 50,CSE 32,CSE 24,CSE 2,CSE 18
Fiona,CSE 28,CSE 19,CSE 39,CSE 18,CSE 50
Max,CSE 46,CSE 15,CSE 11,CSE 37,CSE 6
Sophia,CSE 22,CSE 44,CSE 44,CSE 1,CSE 16
Valeria,CSE 29,CSE 33,CSE 19,CSE 50,CSE 26
Kelvin,CSE 36,CSE 6,CSE 45,CSE 17,CSE 3
Tara,CSE 14,CSE 39,CSE 48,CSE 18,CSE 13
Alford,CSE 40,CSE 40,CSE 8,CSE 22,CSE 24
Dale,CSE 14,CSE 29,CSE 43,CSE 41,CSE 38
Vincent,CSE 10,CSE 44,CSE 44,CSE 37,CSE 8
Ned,CSE 29,CSE 49,CSE 31,CSE 46,CSE 13
Amelia,CSE 27,CSE 28,CSE 49,CSE 14,CSE 21
Julia,CSE 45,CSE 44,CSE 32,CSE 10,CSE 15
Amanda,CSE 35,CSE 1,CSE 7,CSE 44,CSE 3
Connie,CSE 22,CSE 16,CSE 2,CSE 35,CSE 50
Amber,CSE 30,CSE 25,CSE 33,CSE 32,CSE 39
Leonardo,CSE 4,CSE 23,CSE 11,CSE 36,CSE 9
Daisy,CSE 26,CSE 34,CSE 46,CSE 25,CSE 5
Edward,CSE 40,CSE 11,CSE 35,CSE 31,CSE 25
Connie,CSE 46,CSE 45,CSE 34,CSE 14,CSE 29
Lilianna,CSE 1,CSE 29,CSE 32,CSE 1,CSE 30
Marcus,CSE 31,CSE 27,CSE 33,CSE 10,CSE 30
Sophia,CSE 34,CSE 45,CSE 41,CSE 12,CSE 44
Chester,CSE 40,CSE 2,CSE 22,CSE 9,CSE 42
Anna,CSE 27,CSE 50,CSE 41,CSE 30,CSE 36
Maria,CSE 6,CSE 23,CSE 5,CSE 6,CSE 33
Olivia,CSE 45,CSE 35,CSE 31,CSE 38,CSE 15
Jenna,CSE 40,CSE 3,CSE 40,CSE 33,CSE 25
Spike,CSE 13,CSE 19,CSE 33,CSE 39,CSE 14
Tiana,CSE 2,CSE 10,CSE 46,CSE 50,CSE 37
Catherine,CSE 7,CSE 16,CSE 25,CSE 21,CSE 15
Savana,CSE 3,CSE 22,CSE 44,CSE 30,CSE 37
Chloe,CSE 24,CSE 4,CSE 46,CSE 9,CSE 32
Kellan,CSE 47,CSE 48,CSE 25,CSE 35,CSE 47
Caroline,CSE 16,CSE 42,CSE 22,CSE 23,CSE 36
Samantha,CSE 26,CSE 22,CSE 13,CSE 30,CSE 28
Kristian,CSE 48,CSE 39,CSE 7,CSE 3,CSE 37
Sienna,CSE 13,CSE 21,CSE 22,CSE 12,CSE 3
Maximilian,CSE 10,CSE 38,CSE 42,CSE 3,CSE 11
Victor,CSE 41,CSE 8,CSE 3,CSE 16,CSE 38
Nicole,CSE 38,CSE 2,CSE 5,CSE 4,CSE 18
Stella,CSE 48,CSE 2,CSE 46,CSE 50,CSE 20
Naomi,CSE 19,CSE 7,CSE 3,CSE 37,CSE 1
Rebecca,CSE 26,CSE 1,CSE 18,CSE 13,CSE 47
Maddie,CSE 44,CSE 29,CSE 38,CSE 8,CSE 48
Myra,CSE 25,CSE 11,CSE 4,CSE 33,CSE 2
Alford,CSE 21,CSE 11,CSE 43,CSE 4,CSE 47
Penelope,CSE 50,CSE 7,CSE 19,CSE 20,CSE 25
Brad,CSE 2,CSE 7,CSE 46,CSE 3,CSE 24
Amanda,CSE 19,CSE 41,CSE 34,CSE 31,CSE 2
Lucia,CSE 39,CSE 41,CSE 14,CSE 7,CSE 37
Henry,CSE 16,CSE 12,CSE 12,CSE 50,CSE 37
Marcus,CSE 14,CSE 48,CSE 41,CSE 31,CSE 44
Jenna,CSE 4,CSE 18,CSE 2,CSE 33,CSE 9
Eric,CSE 4,CSE 37,CSE 44,CSE 44,CSE 47
Marcus,CSE 14,CSE 17,CSE 2,CSE 36,CSE 2
Dexter,CSE 40,CSE 8,CSE 22,CSE 26,CSE 3
Chelsea,CSE 1,CSE 15,CSE 8,CSE 5,CSE 26
Heather,CSE 48,CSE 19,CSE 36,CSE 43,CSE 36
Rosie,CSE 50,CSE 17,CSE 32,CSE 37,CSE 15
Aida,CSE 1,CSE 39,CSE 37,CSE 19,CSE 37
Fenton,CSE 16,CSE 32,CSE 41,CSE 43,CSE 14
Preston,CSE 6,CSE 11,CSE 42,CSE 43,CSE 7
Violet,CSE 27,CSE 50,CSE 45,CSE 38,CSE 8
Lenny,CSE 13,CSE 39,CSE 3,CSE 47,CSE 9
Jordan,CSE 32,CSE 23,CSE 40,CSE 20,CSE 43
Catherine,CSE 3,CSE 50,CSE 17,CSE 8,CSE 42
Frederick,CSE 29,CSE 14,CSE 40,CSE 5,CSE 4
Belinda,CSE 46,CSE 45,CSE 49,CSE 13,CSE 4
Eric,CSE 43,CSE 47,CSE 28,CSE 9,CSE 28
Daniel,CSE 22,CSE 40,CSE 15,CSE 22,CSE 21
Maximilian,CSE 12,CSE 35,CSE 17,CSE 49,CSE 23
Wilson,CSE 2,CSE 5,CSE 30,CSE 10,CSE 26
Julian,CSE 21,CSE 33,CSE 16,CSE 45,CSE 18
Eddy,CSE 39,CSE 4,CSE 31,CSE 23,CSE 21
Sabrina,CSE 14,CSE 28,CSE 38,CSE 45,CSE 17
Olivia,CSE 17,CSE 1,CSE 26,CSE 9,CSE 31
Vanessa,CSE 4,CSE 13,CSE 3,CSE 49,CSE 47
Annabella,CSE 49,CSE 4,CSE 23,CSE 49,CSE 12
Roman,CSE 24,CSE 9,CSE 13,CSE 45,CSE 2
Jacob,CSE 33,CSE 14,CSE 34,CSE 30,CSE 8
Patrick,CSE 39,CSE 24,CSE 41,CSE 32,CSE 4
Briony,CSE 45,CSE 49,CSE 24,CSE 49,CSE 48
Isabella,CSE 43,CSE 31,CSE 3,CSE 10,CSE 28
Violet,CSE 46,CSE 34,CSE 29,CSE 40,CSE 15
Blake,CSE 10,CSE 16,CSE 24,CSE 30,CSE 21
Madaline,CSE 6,CSE 10,CSE 4,CSE 27,CSE 28
Violet,CSE 48,CSE 26,CSE 26,CSE 34,CSE 47
Bruce,CSE 38,CSE 45,CSE 29,CSE 21,CSE 4
Elise,CSE 42,CSE 41,CSE 41,CSE 29,CSE 40
Fenton,CSE 5,CSE 35,CSE 8,CSE 1,CSE 33
Chelsea,CSE 7,CSE 37,CSE 32,CSE 30,CSE 12
Frederick,CSE 37,CSE 10,CSE 38,CSE 35,CSE 48
Anna,CSE 27,CSE 14,CSE 20,CSE 42,CSE 5
Olivia,CSE 15,CSE 31,CSE 23,CSE 23,CSE 1
Valeria,CSE 47,CSE 7,CSE 17,CSE 27,CSE 42
Dominik,CSE 10,CSE 3,CSE 50,CSE 43,CSE 43
Spike,CSE 23,CSE 50,CSE 22,CSE 49,CSE 11
Annabella,CSE 19,CSE 41,CSE 33,CSE 33,CSE 41
Amanda,CSE 29,CSE 14,CSE 22,CSE 3,CSE 20
Walter,CSE 43,CSE 6,CSE 41,CSE 48,CSE 38
Gianna,CSE 2,CSE 13,CSE 17,CSE 26,CSE 46
Martin,CSE 32,CSE 16,CSE 50,CSE 40,CSE 13
Arthur,CSE 20,CSE 18,CSE 39,CSE 39,CSE 31
Cherry,CSE 2,CSE 5,CSE 41,CSE 6,CSE 37
Olivia,CSE 11,CSE 17,CSE 6,CSE 42,CSE 42
Owen,CSE 22,CSE 33,CSE 24,CSE 28,CSE 22
Stuart,CSE 9,CSE 29,CSE 29,CSE 13,CSE 6
Edgar,CSE 23,CSE 3,CSE 34,CSE 50,CSE 33
Adrian,CSE 27,CSE 30,CSE 42,CSE 33,CSE 13
Jack,CSE 20,CSE 38,CSE 26,CSE 35,CSE 18
Eddy,CSE 8,CSE 43,CSE 48,CSE 30,CSE 13
Heather,CSE 49,CSE 2,CSE 11,CSE 20,CSE 32
April,CSE 39,CSE 25,CSE 18,CSE 30,CSE 43
Amy,CSE 46,CSE 16,CSE 38,CSE 11,CSE 49
Lilianna,CSE 50,CSE 18,CSE 25,CSE 42,CSE 34
Alexia,CSE 25,CSE 9,CSE 26,CSE 8,CSE 19
Daryl,CSE 22,CSE 5,CSE 49,CSE 12,CSE 23
Alberta,CSE 26,CSE 7,CSE 8,CSE 36,CSE 1
Ryan,CSE 1,CSE 32,CSE 14,CSE 7,CSE 43
Roland,CSE 33,CSE 9,CSE 3,CSE 17,CSE 47
